-- MySQL dump 10.13  Distrib 8.0.15, for Win64 (x86_64)
--
-- Host: localhost    Database: loot
-- ------------------------------------------------------
-- Server version	8.0.15

/*!40101 SET @OLD_CHARACTER_SET_CLIENT=@@CHARACTER_SET_CLIENT */;
/*!40101 SET @OLD_CHARACTER_SET_RESULTS=@@CHARACTER_SET_RESULTS */;
/*!40101 SET @OLD_COLLATION_CONNECTION=@@COLLATION_CONNECTION */;
 SET NAMES utf8 ;
/*!40103 SET @OLD_TIME_ZONE=@@TIME_ZONE */;
/*!40103 SET TIME_ZONE='+00:00' */;
/*!40014 SET @OLD_UNIQUE_CHECKS=@@UNIQUE_CHECKS, UNIQUE_CHECKS=0 */;
/*!40014 SET @OLD_FOREIGN_KEY_CHECKS=@@FOREIGN_KEY_CHECKS, FOREIGN_KEY_CHECKS=0 */;
/*!40101 SET @OLD_SQL_MODE=@@SQL_MODE, SQL_MODE='NO_AUTO_VALUE_ON_ZERO' */;
/*!40111 SET @OLD_SQL_NOTES=@@SQL_NOTES, SQL_NOTES=0 */;

--
-- Table structure for table `item`
--

DROP TABLE IF EXISTS `item`;
/*!40101 SET @saved_cs_client     = @@character_set_client */;
 SET character_set_client = utf8mb4 ;
CREATE TABLE `item` (
  `item_id` int(11) NOT NULL,
  `item_name` varchar(255) NOT NULL,
  `dungeon` varchar(255) NOT NULL,
  `is_tier` float DEFAULT NULL,
  PRIMARY KEY (`item_id`)
) ENGINE=InnoDB DEFAULT CHARSET=utf8mb4 COLLATE=utf8mb4_0900_ai_ci;
/*!40101 SET character_set_client = @saved_cs_client */;

--
-- Dumping data for table `item`
--

LOCK TABLES `item` WRITE;
/*!40000 ALTER TABLE `item` DISABLE KEYS */;
INSERT INTO `item` VALUES (16795,'Arcanist Crown','Molten Core',1),(16796,'Arcanist Leggings','Molten Core',1),(16797,'Arcanist Mantle','Molten Core',1),(16798,'Arcanist Robes','Molten Core',1),(16799,'Arcanist Bindings','Molten Core',1),(16800,'Arcanist Boots','Molten Core',1),(16801,'Arcanist Gloves','Molten Core',1),(16802,'Arcanist Belt','Molten Core',1),(16803,'Felheart Slippers','Molten Core',1),(16804,'Felheart Bracers','Molten Core',1),(16805,'Felheart Gloves','Molten Core',1),(16806,'Felheart Belt','Molten Core',1),(16807,'Felheart Shoulder Pads','Molten Core',1),(16808,'Felheart Horns','Molten Core',1),(16809,'Felheart Robes','Molten Core',1),(16810,'Felheart Pants','Molten Core',1),(16811,'Boots of Prophecy','Molten Core',1),(16812,'Gloves of Prophecy','Molten Core',1),(16813,'Circlet of Prophecy','Molten Core',1),(16814,'Pants of Prophecy','Molten Core',1),(16815,'Robes of Prophecy','Molten Core',1),(16816,'Mantle of Prophecy','Molten Core',1),(16817,'Girdle of Prophecy','Molten Core',1),(16818,'Netherwind Belt','Blackwing Lair',2),(16819,'Vambraces of Prophecy','Molten Core',1),(16820,'Nightslayer Chestpiece','Molten Core',1),(16821,'Nightslayer Cover','Molten Core',1),(16822,'Nightslayer Pants','Molten Core',1),(16823,'Nightslayer Shoulder Pads','Molten Core',1),(16824,'Nightslayer Boots','Molten Core',1),(16825,'Nightslayer Bracelets','Molten Core',1),(16826,'Nightslayer Gloves','Molten Core',1),(16827,'Nightslayer Belt','Molten Core',1),(16828,'Cenarion Belt','Molten Core',1),(16829,'Cenarion Boots','Molten Core',1),(16830,'Cenarion Bracers','Molten Core',1),(16831,'Cenarion Gloves','Molten Core',1),(16832,'Bloodfang Spaulders','Blackwing Lair',2),(16833,'Cenarion Vestments','Molten Core',1),(16834,'Cenarion Helm','Molten Core',1),(16835,'Cenarion Leggings','Molten Core',1),(16836,'Cenarion Spaulders','Molten Core',1),(16837,'Earthfury Boots','Molten Core',1),(16838,'Earthfury Belt','Molten Core',1),(16839,'Earthfury Gauntlets','Molten Core',1),(16840,'Earthfury Bracers','Molten Core',1),(16841,'Earthfury Vestments','Molten Core',1),(16842,'Earthfury Helmet','Molten Core',1),(16843,'Earthfury Legguards','Molten Core',1),(16844,'Earthfury Epaulets','Molten Core',1),(16845,'Giantstalker\'s Breastplate','Molten Core',1),(16846,'Giantstalker\'s Helmet','Molten Core',1),(16847,'Giantstalker\'s Leggings','Molten Core',1),(16848,'Giantstalker\'s Epaulets','Molten Core',1),(16849,'Giantstalker\'s Boots','Molten Core',1),(16850,'Giantstalker\'s Bracers','Molten Core',1),(16851,'Giantstalker\'s Belt','Molten Core',1),(16852,'Giantstalker\'s Gloves','Molten Core',1),(16853,'Lawbringer Chestguard','Molten Core',1),(16854,'Lawbringer Helm','Molten Core',1),(16855,'Lawbringer Legplates','Molten Core',1),(16856,'Lawbringer Spaulders','Molten Core',1),(16857,'Lawbringer Bracers','Molten Core',1),(16858,'Lawbringer Belt','Molten Core',1),(16859,'Lawbringer Boots','Molten Core',1),(16860,'Lawbringer Gauntlets','Molten Core',1),(16861,'Bracers of Might','Molten Core',1),(16862,'Sabatons of Might','Molten Core',1),(16863,'Gauntlets of Might','Molten Core',1),(16864,'Belt of Might','Molten Core',1),(16865,'Breastplate of Might','Molten Core',1),(16866,'Helm of Might','Molten Core',1),(16867,'Legplates of Might','Molten Core',1),(16868,'Pauldrons of Might','Molten Core',1),(16897,'Stormrage Chestguard','Blackwing Lair',2),(16898,'Stormrage Boots','Blackwing Lair',2),(16899,'Stormrage Handguards','Blackwing Lair',2),(16900,'Stormrage Cover','Onyxia\'s Lair',2),(16901,'Stormrage Legguards','Molten Core',2),(16902,'Stormrage Pauldrons','Blackwing Lair',2),(16903,'Stormrage Belt','Blackwing Lair',2),(16904,'Stormrage Bracers','Blackwing Lair',2),(16905,'Bloodfang Chestpiece','Blackwing Lair',2),(16906,'Bloodfang Boots','Blackwing Lair',2),(16907,'Bloodfang Gloves','Blackwing Lair',2),(16908,'Bloodfang Hood','Onyxia\'s Lair',2),(16909,'Bloodfang Pants','Molten Core',2),(16910,'Bloodfang Belt','Blackwing Lair',2),(16911,'Bloodfang Bracers','Blackwing Lair',2),(16912,'Netherwind Boots','Blackwing Lair',2),(16913,'Netherwind Gloves','Blackwing Lair',2),(16914,'Netherwind Crown','Onyxia\'s Lair',2),(16915,'Netherwind Pants','Molten Core',2),(16916,'Netherwind Robes','Blackwing Lair',2),(16917,'Netherwind Mantle','Blackwing Lair',2),(16918,'Netherwind Bindings','Blackwing Lair',2),(16919,'Boots of Transcendence','Blackwing Lair',2),(16920,'Handguards of Transcendence','Blackwing Lair',2),(16921,'Haloe fo Transcendence','Onyxia\'s Lair',2),(16922,'Leggings of Transcendence','Molten Core',2),(16923,'Robes of Transcendence','Blackwing Lair',2),(16924,'Pauldrons of Transcendence','Blackwing Lair',2),(16925,'Belt of Transcendence','Blackwing Lair',2),(16926,'Bindings of Transcendence','Blackwing Lair',2),(16927,'Nemesis Boots','Blackwing Lair',2),(16928,'Nemesis Gloves','Blackwing Lair',2),(16929,'Nemesis Skullcap','Onyxia\'s Lair',2),(16930,'Nemesis Leggings','Molten Core',2),(16931,'Nemesis Robes','Blackwing Lair',2),(16932,'Nemesis Spaulders','Blackwing Lair',2),(16933,'Nemesis Belt','Blackwing Lair',2),(16934,'Nemesis Bracers','Blackwing Lair',2),(16935,'Dragonstalker\'s Bracers','Blackwing Lair',2),(16936,'Dragonstalker\'s Belt','Blackwing Lair',2),(16937,'Dragonstalker\'s Spaulders','Blackwing Lair',2),(16938,'Dragonstalker\'s Legguards','Molten Core',2),(16939,'Dragonstalker\'s Helm','Onyxia\'s Lair',2),(16940,'Dragonstalker\'s Gauntlets','Blackwing Lair',2),(16941,'Dragonstalker\'s Greaves','Blackwing Lair',2),(16942,'Dragonstalker\'s Breastplate','Blackwing Lair',2),(16943,'Bracers of Ten Storms','Blackwing Lair',2),(16944,'Belt of Ten Storms','Blackwing Lair',2),(16945,'Epaulets of Ten Storms','Blackwing Lair',2),(16946,'Legplates of Ten Storms','Molten Core',2),(16947,'Helmet of Ten Storms','Onyxia\'s Lair',2),(16948,'Gauntlets of Ten Storms','Blackwing Lair',2),(16949,'Greaves of Ten Storms','Blackwing Lair',2),(16950,'Breastplate of Ten Storms','Blackwing Lair',2),(16951,'Judgement Bindings','Blackwing Lair',2),(16952,'Judgement Belt','Blackwing Lair',2),(16953,'Judgement Spaulders','Blackwing Lair',2),(16954,'Judgement Legplates','Molten Core',2),(16955,'Judgement Crown','Onyxia\'s Lair',2),(16956,'Judgement Gauntlets','Blackwing Lair',2),(16957,'Judgement Sabatons','Blackwing Lair',2),(16958,'Judgement Breastplate','Blackwing Lair',2),(16959,'Bracelets of Wrath','Blackwing Lair',2),(16960,'Waistband of Wrath','Blackwing Lair',2),(16961,'Pauldrons of Wrath','Blackwing Lair',2),(16962,'Legplates of Wrath','Molten Core',2),(16963,'Helm of Wrath','Onyxia\'s Lair',2),(16964,'Gauntlets of Wrath','Blackwing Lair',2),(16965,'Sabatons of Wrath','Blackwing Lair',2),(16966,'Breastplate of Wrath','Blackwing Lair',2),(17063,'Band of Accuria','Molten Core',0),(17064,'Shard of the Scale','Onyxia\'s Lair',0),(17065,'Medallion of Steadfast Might','Molten Core',0),(17066,'Drillborer Disk','Molten Core',0),(17067,'Ancient Cornerstone Grimoire','Onyxia\'s Lair',0),(17068,'Deathbringer','Onyxia\'s Lair',0),(17069,'Striker\'s Mark','Molten Core',0),(17071,'Gutgore Ripper','Molten Core',0),(17072,'Blastershot Launcher','Molten Core',0),(17073,'Earthshaker','Molten Core',0),(17074,'Shadowstrike','Molten Core',0),(17075,'Vis\'kag the Bloodletter','Onyxia\'s Lair',0),(17076,'Bonereaver\'s Edge','Molten Core',0),(17077,'Crimson Shocker','Molten Core',0),(17078,'Sapphiron Drape','Onyxia\'s Lair',0),(17082,'Shard of the Flame','Molten Core',0),(17102,'Cloak of the Shrouded Mists','Molten Core',0),(17103,'Azuresong Mageblade','Molten Core',0),(17104,'Spinal Reaper','Molten Core',0),(17105,'Aurastone Hammer','Molten Core',0),(17106,'Malistar\'s Defender','Molten Core',0),(17107,'Dragon\'s Blood Cape','Molten Core',0),(17109,'Choker of Enlightenment','Molten Core',0),(17110,'Seal of the Archmagus','Molten Core',0),(17204,'Eye of Sulfuras','Molten Core',0),(17966,'Onyxia Hide Backpack','Onyxia\'s Lair',0),(18203,'Eskhandar\'s Right Claw','Molten Core',0),(18205,'Eskhandar\'s Collar','Onyxia\'s Lair',0),(18423,'Head of Onyxia','Onyxia\'s Lair',0),(18563,'Bindings of the Windseeker (Baron)','Molten Core',0),(18564,'Bindings of the Windseeker (Garr)','Molten Core',0),(18646,'The Eye of Divinity','Molten Core',0),(18703,'Ancient Petrified Leaf','Molten Core',0),(18705,'Mature Black Dragon Sinew','Onyxia\'s Lair',0),(18803,'Finkle\'s Lava Dredger','Molten Core',0),(18805,'Core Hound Tooth','Molten Core',0),(18806,'Core Forged Greaves','Molten Core',0),(18808,'Gloves of the Hypnotic Flame','Molten Core',0),(18809,'Sash of Whispered Secrets','Molten Core',0),(18810,'Wild Growth Spaulders','Molten Core',0),(18811,'Fireproof Cloak','Molten Core',0),(18812,'Wristguards of True Flight','Molten Core',0),(18813,'Ring of Binding','Onyxia\'s Lair',0),(18814,'Choker of the Fire Lord','Molten Core',0),(18815,'Essence of the Pure Flame','Molten Core',0),(18816,'Perdition\'s Blade','Molten Core',0),(18817,'Crown of Destruction','Molten Core',0),(18820,'Talisman of Ephemeral Power','Molten Core',0),(18821,'Quick Strike Ring','Molten Core',0),(18822,'Obsidian Edged Blade','Molten Core',0),(18823,'Aged Core Leather Gloves','Molten Core',0),(18824,'Magma Tempered Boots','Molten Core',0),(18829,'Deep Earth Spaulders','Molten Core',0),(18832,'Brutality Blade','Molten Core',0),(18842,'Staff of Dominance','Molten Core',0),(18861,'Flamewaker Legplates','Molten Core',0),(18870,'Helm of the Lifegiver','Molten Core',0),(18872,'Manastorm Leggings','Molten Core',0),(18875,'Salamander Scale Pants','Molten Core',0),(18878,'Sorcerous Dagger','Molten Core',0),(18879,'Heavy Dark Iron Ring','Molten Core',0),(19003,'Head of Nefarian','Blackwing Lair',0),(19136,'Mana Igniting Cord','Molten Core',0),(19137,'Onslaught Girdle','Molten Core',0),(19138,'Band of Sulfuras','Molten Core',0),(19139,'Fireguard Shoulders','Molten Core',0),(19140,'Cauterizing Band','Molten Core',0),(19142,'Fire Runed Grimoire','Molten Core',0),(19143,'Flameguard Gauntlets','Molten Core',0),(19144,'Sabatons of the Flamewalker','Molten Core',0),(19145,'Robe of Volatile Power','Molten Core',0),(19146,'Wristguards of Stability','Molten Core',0),(19147,'Ring of Spell Power','Molten Core',0),(19334,'The Untamed Blade','Blackwing Lair',0),(19335,'Spineshatter','Blackwing Lair',0),(19336,'Arcane Infused Gem','Blackwing Lair',0),(19337,'The Black Book','Blackwing Lair',0),(19339,'Mind Quickening Gem','Blackwing Lair',0),(19340,'Rune of Metamorphosis','Blackwing Lair',0),(19341,'Lifegiving Gem','Blackwing Lair',0),(19342,'Venomous Totem','Blackwing Lair',0),(19343,'Scrolls of Blinding Light','Blackwing Lair',0),(19344,'Natural Alignment Crystal','Blackwing Lair',0),(19345,'Aegis of Preservation','Blackwing Lair',0),(19346,'Dragonfang Blade','Blackwing Lair',0),(19347,'Claw of Chromaggus','Blackwing Lair',0),(19348,'Red Dragonscale Protector','Blackwing Lair',0),(19349,'Elementium Reinforced Bulwark','Blackwing Lair',0),(19350,'Heartstriker','Blackwing Lair',0),(19351,'Maladath, Runed Blade of the Black Flight','Blackwing Lair',0),(19352,'Chromatically Tempered Sword','Blackwing Lair',0),(19353,'Drake Talon Cleaver','Blackwing Lair',0),(19354,'Draconic Avenger','Blackwing Lair',0),(19355,'Shadow Wing Focus Staff','Blackwing Lair',0),(19356,'Staff of the Shadow Flame','Blackwing Lair',0),(19357,'Herald of Woe','Blackwing Lair',0),(19358,'Draconic Maul','Blackwing Lair',0),(19360,'Lok\'amir il Romathis','Blackwing Lair',0),(19361,'Ashjre\'thul, Crossbow of Smiting','Blackwing Lair',0),(19362,'Doom\'s Edge','Blackwing Lair',0),(19363,'Crul\'shorukh, Edge of Chaos','Blackwing Lair',0),(19364,'Ashkandi, Greatsword of the Brotherhood','Blackwing Lair',0),(19365,'Claw of the Black Drake','Blackwing Lair',0),(19367,'Dragon\'s Touch','Blackwing Lair',0),(19368,'Dragonbreath Hand Cannon','Blackwing Lair',0),(19369,'Gloves of Rapid Evolution','Blackwing Lair',0),(19370,'Mantle of the Blackwing Cabal','Blackwing Lair',0),(19371,'Pendant of the Fallen Dragon','Blackwing Lair',0),(19372,'Helm of Endless Rage','Blackwing Lair',0),(19373,'Black Brood Pauldrons','Blackwing Lair',0),(19374,'Bracers of Arcane Accuracy','Blackwing Lair',0),(19375,'Mish\'undare, Circlet of the Mind Flayer','Blackwing Lair',0),(19376,'Archimtiros\' Ring of Reckoning','Blackwing Lair',0),(19377,'Prestor\'s Talisman of Connivery','Blackwing Lair',0),(19378,'Cloak of the Brood Lord','Blackwing Lair',0),(19379,'Neltharion\'s Tear','Blackwing Lair',0),(19380,'Therazane\'s Link','Blackwing Lair',0),(19381,'Boots of the Shadow Flame','Blackwing Lair',0),(19382,'Pure Elementium Band','Blackwing Lair',0),(19385,'Empowered Leggings','Blackwing Lair',0),(19386,'Elementium Threaded Cloak','Blackwing Lair',0),(19387,'Chromatic Boots','Blackwing Lair',0),(19388,'Angelista\'s Grasp','Blackwing Lair',0),(19389,'Taut Dragonhide Shoulderpads','Blackwing Lair',0),(19390,'Taut Dragonhide Gloves','Blackwing Lair',0),(19391,'Shimmering Geta','Blackwing Lair',0),(19392,'Girdle of the Fallen Crusader','Blackwing Lair',0),(19393,'Primalist\'s Linked Waistguard','Blackwing Lair',0),(19394,'Drake Talon Pauldrons','Blackwing Lair',0),(19395,'Rejuvenating Gem','Blackwing Lair',0),(19396,'Taut Dragonhide Belt','Blackwing Lair',0),(19397,'Ring of Blackrock','Blackwing Lair',0),(19398,'Cloak of Firemaw','Blackwing Lair',0),(19399,'Black Ash Robe','Blackwing Lair',0),(19400,'Firemaw\'s Clutch','Blackwing Lair',0),(19401,'Primalist\'s Linked Legguards','Blackwing Lair',0),(19402,'Legguards of the Fallen Crusader','Blackwing Lair',0),(19403,'Band of Forced Concentration','Blackwing Lair',0),(19405,'Malfurion\'s Blessed Bulwark','Blackwing Lair',0),(19406,'Drake Fang Talisman','Blackwing Lair',0),(19407,'Ebony Flame Gloves','Blackwing Lair',0),(19430,'Shroud of Pure Thought','Blackwing Lair',0),(19431,'Styleen\'s Impeding Scarab','Blackwing Lair',0),(19432,'Circle of Applied Force','Blackwing Lair',0),(19433,'Emberweave Leggings','Blackwing Lair',0),(19434,'Band of Dark Dominion','Blackwing Lair',0),(19435,'Essence Gatherer','Blackwing Lair',0),(19436,'Cloak of Draconic Might','Blackwing Lair',0),(19437,'Boots of Pure Thought','Blackwing Lair',0),(19438,'Ringo\'s Blizzard Boots','Blackwing Lair',0),(19439,'Interlaced Shadow Jerkin','Blackwing Lair',0),(19716,'Primal Hakkari Bindings','Zul\'Gurub',0),(19717,'Primal Hakkari Armsplint','Zul\'Gurub',0),(19718,'Primal Hakkari Stanchion','Zul\'Gurub',0),(19719,'Primal Hakkari Girdle','Zul\'Gurub',0),(19720,'Primal Hakkari Sash','Zul\'Gurub',0),(19721,'Primal Hakkari Shawl','Zul\'Gurub',0),(19722,'Primal Hakkari Tabard','Zul\'Gurub',0),(19723,'Primal Hakkari Kossack','Zul\'Gurub',0),(19724,'Primal Hakkari Aegis','Zul\'Gurub',0),(19802,'Heart of Hakkar','Zul\'Gurub',0),(19852,'Ancient Hakkari Manslayer','Zul\'Gurub',0),(19853,'Gurubashi Dwarf Destroyer','Zul\'Gurub',0),(19854,'Zin\'rokh, Destroyed of Worlds','Zul\'Gurub',0),(19855,'Bloodsoaked Legplates','Zul\'Gurub',0),(19856,'The Eye of Hakkar','Zul\'Gurub',0),(19857,'Cloak of Consumption','Zul\'Gurub',0),(19859,'Fang of the Faceless','Zul\'Gurub',0),(19861,'Touch of Chaos','Zul\'Gurub',0),(19862,'Aegis of the Blood God','Zul\'Gurub',0),(19863,'Primalist\'s Seal','Zul\'Gurub',0),(19864,'Bloodcaller','Zul\'Gurub',0),(19865,'Warblade of the Hakkari (MH)','Zul\'Gurub',0),(19866,'Warblade of the Hakkari (OH)','Zul\'Gurub',0),(19867,'Bloodlord\'s Defender','Zul\'Gurub',0),(19869,'Blooddrenched Grips','Zul\'Gurub',0),(19870,'Hakkari Loa Cloak','Zul\'Gurub',0),(19871,'Talisman of Protection','Zul\'Gurub',0),(19872,'Swift Razzashi Raptor','Zul\'Gurub',0),(19873,'Overlord\'s Crimson Band','Zul\'Gurub',0),(19874,'Halberd of Smiting','Zul\'Gurub',0),(19875,'Bloodstained Coif','Zul\'Gurub',0),(19876,'Soul Corrupter\'s Necklace','Zul\'Gurub',0),(19877,'Animist\'s Leggings','Zul\'Gurub',0),(19878,'Bloodsoaked Pauldrons','Zul\'Gurub',0),(19884,'Jin\'do\'s Judgement','Zul\'Gurub',0),(19885,'Jin\'do\'s Evil Eye','Zul\'Gurub',0),(19886,'The Hexxer\'s Cover','Zul\'Gurub',0),(19887,'Bloodstained Legplates','Zul\'Gurub',0),(19888,'Overlord\'s Embrace','Zul\'Gurub',0),(19889,'Blooddrenched Leggings','Zul\'Gurub',0),(19890,'Jin\'do\'s Hexxer','Zul\'Gurub',0),(19891,'Jin\'do\'s Bag of Whammies','Zul\'Gurub',0),(19892,'Animist\'s Boots','Zul\'Gurub',0),(19893,'Zanzil\'s Seal','Zul\'Gurub',0),(19894,'Bloodsoaked Gauntlets','Zul\'Gurub',0),(19895,'Bloodtinged Kilt','Zul\'Gurub',0),(19896,'Thekal\'s Grasp','Zul\'Gurub',0),(19897,'Betrayer\'s Boots','Zul\'Gurub',0),(19898,'Seal of Jin','Zul\'Gurub',0),(19899,'Ritualistic Legguards','Zul\'Gurub',0),(19900,'Zulian Stone Axe','Zul\'Gurub',0),(19901,'Zulian Slicer','Zul\'Gurub',0),(19902,'Swift Zulian Tiger','Zul\'Gurub',0),(19903,'Fang of Venoxis','Zul\'Gurub',0),(19904,'Runed Bloodstained Hauberk','Zul\'Gurub',0),(19905,'Zanzil\'s Band','Zul\'Gurub',0),(19906,'Blooddrenched Footpads','Zul\'Gurub',0),(19907,'Zulian Tigerhide Cloak','Zul\'Gurub',0),(19908,'Sceptre of Smiting','Zul\'Gurub',0),(19909,'Will of Arlokk','Zul\'Gurub',0),(19910,'Arlokk\'s Grasp','Zul\'Gurub',0),(19912,'Overlord\'s Onyx Band','Zul\'Gurub',0),(19913,'Bloodsoaked Greaves','Zul\'Gurub',0),(19914,'Panther Hide Sack','Zul\'Gurub',0),(19915,'Zulian Defender','Zul\'Gurub',0),(19918,'Jeklik\'s Crusher','Zul\'Gurub',0),(19919,'Bloodstained Greaves','Zul\'Gurub',0),(19920,'Primalist\'s Band','Zul\'Gurub',0),(19921,'Zulian Hacker','Zul\'Gurub',0),(19922,'Arlokk\'s Hoodoo Stick','Zul\'Gurub',0),(19923,'Jeklik\'s Opaline Talisman','Zul\'Gurub',0),(19925,'Band of Jin','Zul\'Gurub',0),(19927,'Mar\'li\'s Touch','Zul\'Gurub',0),(19928,'Animist\'s Spaulders','Zul\'Gurub',0),(19929,'Bloodtinged Gloves','Zul\'Gurub',0),(19930,'Mar\'li\'s Eye','Zul\'Gurub',0),(19944,'Nat Pagle\'s Fish Terminator','Zul\'Gurub',0),(19945,'Foror\'s Eyepatch','Zul\'Gurub',0),(19946,'Tigule\'s Harpoon','Zul\'Gurub',0),(19947,'Nat Pagle\'s Broken Reel','Zul\'Gurub',0),(20032,'Flowing Ritual Robes','Zul\'Gurub',0),(20038,'Mandokir\'s Sting','Zul\'Gurub',0),(20257,'Seafury Gauntlets','Zul\'Gurub',0),(20258,'Zulian Ceremonial Staff','Zul\'Gurub',0),(20259,'Shadow Panther Hide Gloves','Zul\'Gurub',0),(20260,'Seafury Leggings','Zul\'Gurub',0),(20261,'Shadow Panther Hide Belt','Zul\'Gurub',0),(20262,'Seafury Boots','Zul\'Gurub',0),(20263,'Gurubashi Helm','Zul\'Gurub',0),(20264,'Peacekeeper Gauntlets','Zul\'Gurub',0),(20265,'Peacekeeper Boots','Zul\'Gurub',0),(20266,'Peacekeeper Leggings','Zul\'Gurub',0),(20383,'Head of the Broodlord Lashlayer','Blackwing Lair',0),(20884,'Qiraji Magisterial Ring','AQ20',0),(20885,'Qiraji Martial Drape','AQ20',0),(20886,'Qiraji Spiked Hilt','AQ20',0),(20888,'Qiraji Ceremonial Ring','AQ20',0),(20889,'Qiraji Regal Drape','AQ20',0),(20890,'Qiraji Ornate Hilt','AQ20',0),(20926,'Vek\'nilash\'s Circlet','AQ40',2.5),(20927,'Ouro\'s Intact Hide','AQ40',2.5),(20928,'Qiraji Bindings of Command','AQ40',2.5),(20929,'Carapace of the Old God','AQ40',2.5),(20930,'Vek\'lor\'s Diadem','AQ40',2.5),(20931,'Skin of the Great Sandworm','AQ40',2.5),(20932,'Qiraji Bindings of Dominance','AQ40',2.5),(20933,'Husk of the Old God','AQ40',2.5),(21126,'Death\'s Sting','AQ40',0),(21128,'Staff of the Qiraji Prophets','AQ40',0),(21134,'Dark Edge of Insanity','AQ40',0),(21220,'Head of Ossirian','AQ20',0),(21221,'Eye of C\'Thun','AQ40',0),(21232,'Imperial Qiraji Armaments','AQ40',0),(21237,'Imperial Qiraji Regalia','AQ40',0),(21452,'Staff of the Ruins','AQ20',0),(21453,'Mantle of the Horusath','AQ20',0),(21454,'Runic Stone Shoulders','AQ20',0),(21455,'Southwind Helm','AQ20',0),(21456,'Sandstorm Cloak','AQ20',0),(21457,'Bracers of Brutality','AQ20',0),(21458,'Gauntlets of New Life','AQ20',0),(21459,'Crossbow of Imminent Doom','AQ20',0),(21460,'Helm of Domination','AQ20',0),(21461,'Leggings of the Black Blizzard','AQ20',0),(21462,'Gloves of Dark Wisdom','AQ20',0),(21463,'Ossirian\'s Binding','AQ20',0),(21464,'Shackles of the Unscarred','AQ20',0),(21466,'Stinger of Ayamiss','AQ20',0),(21467,'Thick Silithid Chestguard','AQ20',0),(21468,'Mantle of Maz\'Nadir','AQ20',0),(21469,'Gauntlets of Southwind','AQ20',0),(21470,'Cloak of the Savior','AQ20',0),(21471,'Talon of Furious Concentration','AQ20',0),(21472,'Dustwind Turban','AQ20',0),(21473,'Eye of Moam','AQ20',0),(21474,'Chitinous Shoulderguards','AQ20',0),(21475,'Legplates of the Destroyer','AQ20',0),(21476,'Obsidian Scaled Leggings','AQ20',0),(21477,'Ring of Fury','AQ20',0),(21478,'Bow of Taut Sinew','AQ20',0),(21479,'Gauntlets of the Immovable','AQ20',0),(21480,'Scaled Silithid Gauntlets','AQ20',0),(21481,'Boots of the Desert Protector','AQ20',0),(21482,'Boots of the Fiery Sands','AQ20',0),(21483,'Ring of the Desert Winds','AQ20',0),(21484,'Helm of Regrowth','AQ20',0),(21485,'Buru\'s Skull Fragment','AQ20',0),(21486,'Gloves of the Swarm','AQ20',0),(21487,'Slimy Scaled Gauntlets','AQ20',0),(21488,'Fetish of Chitinous Spikes','AQ20',0),(21489,'Quicksand Waders','AQ20',0),(21490,'Slime Kickers','AQ20',0),(21491,'Scaled Bracers of the Gorger','AQ20',0),(21492,'Manslayer of the Qiraji','AQ20',0),(21493,'Boots of the Vanguard','AQ20',0),(21494,'Southwind\'s Grasp','AQ20',0),(21495,'Legplates of the Qiraji Command','AQ20',0),(21496,'Bracers of Qiraji Command','AQ20',0),(21497,'Boots of the Qiraji General','AQ20',0),(21498,'Qiraji Sacrificial Dagger','AQ20',0),(21499,'Vestments of the Shifting Sands','AQ20',0),(21500,'Belt of the Inquisition','AQ20',0),(21501,'Toughened Silithid Hide Gloves','AQ20',0),(21502,'Sand Reaver Wristguards','AQ20',0),(21503,'Belt of the Sand Reaver','AQ20',0),(21579,'Vanquished Tentacle of C\'Thun','AQ40',0),(21581,'Gauntlets of Annihilation','AQ40',0),(21582,'Grasp of the Old God','AQ40',0),(21583,'Cloak of Clarity','AQ40',0),(21585,'Dark Storm Gauntlets','AQ40',0),(21586,'Belt of Never-ending Agony','AQ40',0),(21596,'Ring of the Godslayer','AQ40',0),(21597,'Royal Scepter of Vek\'lor','AQ40',0),(21598,'Royal Qiraji Belt','AQ40',0),(21599,'Vek\'lor\'s Gloves of Devastation','AQ40',0),(21600,'Boots of Epiphany','AQ40',0),(21601,'Ring of Emperor Vek\'lor','AQ40',0),(21602,'Qiraji Execution Bracers','AQ40',0),(21603,'Wand of Qiraji Nobility','AQ40',0),(21604,'Bracelets of Royal Redemption','AQ40',0),(21605,'Gloves of the Hidden Temple','AQ40',0),(21606,'Belt of the Fallen Emperor','AQ40',0),(21607,'Grasp of the Fallen Emperor','AQ40',0),(21608,'Amulet of Vek\'nilash','AQ40',0),(21609,'Regenerating Belt of Vek','AQ40',0),(21610,'Wormscale Blocker','AQ40',0),(21611,'Burrower Bracers','AQ40',0),(21615,'Don Rigoberto\'s Lost Hat','AQ40',0),(21616,'Huhuran\'s Stinger','AQ40',0),(21617,'Wasphide Gauntlets','AQ40',0),(21618,'Hive Defiler Wristguards','AQ40',0),(21619,'Gloves of the Messiah','AQ40',0),(21620,'Ring of the Martyr','AQ40',0),(21621,'Cloak of the Golden Hive','AQ40',0),(21622,'Sharpened Silithid Femur','AQ40',0),(21623,'Gauntlets of the Righteous Champion','AQ40',0),(21624,'Gauntlets of Kalimdor','AQ40',0),(21625,'Scarab Brooch','AQ40',0),(21626,'Slime-coated Leggings','AQ40',0),(21627,'Cloak of Untold Secrets','AQ40',0),(21635,'Barb of the Sand Reaver','AQ40',0),(21639,'Pauldrons of the Unrelenting','AQ40',0),(21645,'Hive Tunneler\'s Boots','AQ40',0),(21647,'Fetish of the Sand Reaver','AQ40',0),(21648,'Recomposed Boots','AQ40',0),(21650,'Ancient Qiraji Ripper','AQ40',0),(21651,'Scaled Sand Reaver Leggings','AQ40',0),(21652,'Silithid Carapace Chestguard','AQ40',0),(21663,'Robes of the Guardian Saint','AQ40',0),(21664,'Barbed Choker','AQ40',0),(21665,'Mantle of Wicked Revenge','AQ40',0),(21666,'Sartura\'s Might','AQ40',0),(21667,'Legplates of Blazing Light','AQ40',0),(21668,'Scaled Leggings of Qiraji Fury','AQ40',0),(21669,'Creeping Vine Helm','AQ40',0),(21670,'Badge of the Swarmguard','AQ40',0),(21671,'Robes of the Battleguard','AQ40',0),(21672,'Gloves of Enforcement','AQ40',0),(21673,'Silithid Claw','AQ40',0),(21674,'Gauntlets of Steadfast Determination','AQ40',0),(21675,'Thick Qirajihide Belt','AQ40',0),(21676,'Leggings of the Festering Swarm','AQ40',0),(21677,'Ring of the Qiraji Fury','AQ40',0),(21678,'Necklace of Purity','AQ40',0),(21679,'Kalimdor\'s Revenge','AQ40',0),(21680,'Vest of Swift Execution','AQ40',0),(21681,'Ring of the Devoured','AQ40',0),(21682,'Bile-Covered Gauntlets','AQ40',0),(21683,'Mantle of the Desert Crusade','AQ40',0),(21684,'Mantle of the Desert\'s Fury','AQ40',0),(21685,'Petrified Scarab','AQ40',0),(21686,'Mantle of Phrenic Power','AQ40',0),(21687,'Ukko\'s Ring of Darkness','AQ40',0),(21688,'Boots of the Fallen Hero','AQ40',0),(21689,'Gloves of Ebru','AQ40',0),(21690,'Angelista\'s Charm','AQ40',0),(21691,'Ooze-ridden Gauntlets','AQ40',0),(21692,'Triad Girdle','AQ40',0),(21693,'Guise of the Devourer','AQ40',0),(21694,'Ternary Mantle','AQ40',0),(21695,'Angelista\'s Touch','AQ40',0),(21696,'Robes of the Triumvirate','AQ40',0),(21697,'Cape of the Trinity','AQ40',0),(21698,'Leggings of Immersion','AQ40',0),(21699,'Barrage Shoulders','AQ40',0),(21700,'Pendant of the Qiraji Guardian','AQ40',0),(21701,'Cloak of Concentrated Hatred','AQ40',0),(21702,'Amulet of Foul Warding','AQ40',0),(21703,'Hammer of Ji\'zhi','AQ40',0),(21704,'Boots of the Redeemed Prophecy','AQ40',0),(21705,'Boots of the Fallen Prophet','AQ40',0),(21706,'Boots of the Unwavering Will','AQ40',0),(21707,'Ring of Swarming Thought','AQ40',0),(21708,'Beetle Scaled Wristguards','AQ40',0),(21715,'Sand Polished Hammer','AQ20',0),(21800,'Silithid Husked Launcher','AQ20',0),(21801,'Antenna of Invigoration','AQ20',0),(21802,'The Lost Kris of Zedd','AQ20',0),(21803,'Helm of the Holy Avenger','AQ20',0),(21804,'Coif of Elemental Fury','AQ20',0),(21805,'Polished Obsidian Pauldrons','AQ20',0),(21806,'Gavel of Qiraji Authority','AQ20',0),(21809,'Fury of the Forgotten Swarm','AQ20',0),(21810,'Treads of the Wandering Nomad','AQ20',0),(21814,'Breastplate of Annihilation','AQ40',0),(21836,'Ritssyn\'s Ring of Chaos','AQ40',0),(21837,'Anubisath Warhammer','AQ40',0),(21838,'Garb of Royal Ascension','AQ40',0),(21839,'Scepter of the False Prophet','AQ40',0),(21856,'Neretzek, The Blood Drinker','AQ40',0),(21888,'Gloves of the Immortal','AQ40',0),(21889,'Gloves of the Redeemed Prophecy','AQ40',0),(21891,'Shard of the Fallen Star','AQ40',0),(22349,'Desecrated Breastplate','Naxxramas',3),(22350,'Desecrated Tunic','Naxxramas',3),(22351,'Desecrated Robe','Naxxramas',3),(22352,'Desecrated Legplates','Naxxramas',3),(22353,'Desecrated Helmet','Naxxramas',3),(22354,'Desecrated Pauldrons','Naxxramas',3),(22355,'Desecrated Bracers','Naxxramas',3),(22356,'Desecrated Waistguard','Naxxramas',3),(22357,'Desecrated Gauntlets','Naxxramas',3),(22358,'Desecrated Sabatons','Naxxramas',3),(22359,'Desecrated Legguards','Naxxramas',3),(22360,'Desecrated Headpiece','Naxxramas',3),(22361,'Desecrated Spaulders','Naxxramas',3),(22362,'Desecrated Wristguards','Naxxramas',3),(22363,'Desecrated Girdle','Naxxramas',3),(22364,'Desecrated Handguards','Naxxramas',3),(22365,'Desecrated Boots','Naxxramas',3),(22366,'Desecrated Leggings','Naxxramas',3),(22367,'Desecrated Circlet','Naxxramas',3),(22368,'Desecrated Shoulderpads','Naxxramas',3),(22369,'Desecrated Bindings','Naxxramas',3),(22370,'Desecrated Belt','Naxxramas',3),(22371,'Desecrated Gloves','Naxxramas',3),(22372,'Desecrated Sandals','Naxxramas',3),(22396,'Totem of Life','AQ40',0),(22399,'Idol of Health','AQ40',0),(22402,'Libram of Grace','AQ40',0),(22520,'The Phylactery of Kel\'Thuzad','Naxxramas',0),(22691,'Corrupted Ashbringer','Naxxramas',0),(22711,'Cloak of the Hakkari Worshipers','Zul\'Gurub',0),(22712,'Might of the Tribe','Zul\'Gurub',0),(22713,'Zulian Scepter of Rites','Zul\'Gurub',0),(22714,'Sacrificial Gauntlets','Zul\'Gurub',0),(22715,'Gloves of the Tormented','Zul\'Gurub',0),(22716,'Belt of Untapped Power','Zul\'Gurub',0),(22718,'Blooddrenched Mask','Zul\'Gurub',0),(22720,'Zulian Headdress','Zul\'Gurub',0),(22721,'Band of Servitude','Zul\'Gurub',0),(22722,'Seal of the Gurubashi Bererker','Zul\'Gurub',0),(22730,'Eyestalk Waist Cord','AQ40',0),(22731,'Cloak of the Devoured','AQ40',0),(22732,'Mark of C\'Thun','AQ40',0),(22739,'Tome of Polymorph: Turtle','Zul\'Gurub',0),(22798,'Might of Menethil','Naxxramas',0),(22799,'Soulseeker','Naxxramas',0),(22800,'Brimstone Staff','Naxxramas',0),(22801,'Spire of Twilight','Naxxramas',0),(22802,'Kingsfall','Naxxramas',0),(22803,'Midnight Haze','Naxxramas',0),(22804,'Maexxna\'s Fang','Naxxramas',0),(22806,'Widow\'s Remorse','Naxxramas',0),(22807,'Wraith Blade','Naxxramas',0),(22808,'The Castigator','Naxxramas',0),(22809,'Maul of the Redeemed Crusader','Naxxramas',0),(22810,'Toxin Injector','Naxxramas',0),(22811,'Soulstring','Naxxramas',0),(22812,'Nerubian Slavemaker','Naxxramas',0),(22813,'Claymore of Unholy Might','Naxxramas',0),(22815,'Severance','Naxxramas',0),(22816,'Hatchet of Sundered Bone','Naxxramas',0),(22818,'The Plague Bearer','Naxxramas',0),(22819,'Shield of Condemnation','Naxxramas',0),(22820,'Wand of Fates','Naxxramas',0),(22821,'Doomfinger','Naxxramas',0),(22935,'Touch of Frost','Naxxramas',0),(22936,'Wristguards of Vengeance','Naxxramas',0),(22937,'Gem of Nerubis','Naxxramas',0),(22938,'Cryptfiend Silk Cloak','Naxxramas',0),(22939,'Band of Unanswered Prayers','Naxxramas',0),(22940,'Icebane Pauldrons','Naxxramas',0),(22941,'Polar Shoulder Pads','Naxxramas',0),(22942,'The Widow\'s Embrace','Naxxramas',0),(22943,'Malice Stone Pendant','Naxxramas',0),(22947,'Pendant of Forgotten Names','Naxxramas',0),(22954,'Kiss of the Spider','Naxxramas',0),(22960,'Cloak of Suturing','Naxxramas',0),(22961,'Band of Reanimation','Naxxramas',0),(22967,'Icy Scale Spaulders','Naxxramas',0),(22968,'Glacial Mantle','Naxxramas',0),(22981,'Gluth\'s Missing Collar','Naxxramas',0),(22983,'Rime Covered Mantle','Naxxramas',0),(22988,'The End of Dreams','Naxxramas',0),(22994,'Digested Hand of Power','Naxxramas',0),(23000,'Plated Abomination Ribcage','Naxxramas',0),(23001,'Eye of Diminution','Naxxramas',0),(23004,'Idol of Longevity','Naxxramas',0),(23005,'Totem of Flowing Water','Naxxramas',0),(23006,'Libram of Light','Naxxramas',0),(23009,'Wand of the Whispering Dead','Naxxramas',0),(23014,'Iblis, Blade of the Fallen Seraph','Naxxramas',0),(23017,'Veil of Eclipse','Naxxramas',0),(23018,'Signet of the Fallen Defender','Naxxramas',0),(23019,'Icebane Helmet','Naxxramas',0),(23020,'Polar Helmet','Naxxramas',0),(23021,'The Soul Harvester\'s Bindings','Naxxramas',0),(23023,'Sadist\'s Collar','Naxxramas',0),(23025,'Seal of the Damned','Naxxramas',0),(23027,'Warmth of Forgiveness','Naxxramas',0),(23028,'Hailstone Band','Naxxramas',0),(23029,'Noth\'s Frigid Heart','Naxxramas',0),(23030,'Cloak of the Scourge','Naxxramas',0),(23031,'Band of the Inevitable','Naxxramas',0),(23032,'Glacial Headdress','Naxxramas',0),(23033,'Icy Scale Coif','Naxxramas',0),(23035,'Preceptor\'s Hat','Naxxramas',0),(23036,'Necklace of Necropsy','Naxxramas',0),(23037,'Ring of the Spiritual Fervor','Naxxramas',0),(23038,'Band of Unnatural Forces','Naxxramas',0),(23039,'The Eye of Nerub','Naxxramas',0),(23040,'Glyph of Deflection','Naxxramas',0),(23041,'Slayer\'s Crest','Naxxramas',0),(23042,'Loatheb\'s Reflection','Naxxramas',0),(23043,'The Face of Death','Naxxramas',0),(23044,'Harbinger of Doom','Naxxramas',0),(23045,'Shroud of Dominion','Naxxramas',0),(23046,'The Restrained Essence of Sapphiron','Naxxramas',0),(23047,'Eye of the Dead','Naxxramas',0),(23048,'Sapphiron\'s Right Eye','Naxxramas',0),(23049,'Sapphiron\'s Left Eye','Naxxramas',0),(23050,'Cloak of the Necropolis','Naxxramas',0),(23053,'Stormrage\'s Talisman of Seething','Naxxramas',0),(23054,'Gressil, Dawn of Ruin','Naxxramas',0),(23056,'Hammer of the Twisting Nether','Naxxramas',0),(23057,'Gem of Trapped Innocents','Naxxramas',0),(23059,'Ring of the Dreadnaught','Naxxramas',3),(23060,'Bonesythe Ring','Naxxramas',3),(23061,'Ring of Faith','Naxxramas',3),(23062,'Frostfire Ring','Naxxramas',3),(23063,'Plagueheart Ring','Naxxramas',3),(23064,'Ring of The Dreamwalker','Naxxramas',3),(23065,'Ring of the Earthshatterer','Naxxramas',3),(23066,'Ring of Redemption','Naxxramas',3),(23067,'Ring of the Crypstalker','Naxxramas',3),(23068,'Legplates of Carnage','Naxxramas',0),(23069,'Necro-Knight\'s Garb','Naxxramas',0),(23070,'Leggings of Polarity','Naxxramas',0),(23071,'Leggings of the Apocalypse','Naxxramas',0),(23073,'Boots of Displacement','Naxxramas',0),(23075,'Death\'s Bargain','Naxxramas',0),(23219,'Girdle of the Mentor','Naxxramas',0),(23220,'Crystal Webbed Robe','Naxxramas',0),(23221,'Misplaced Servo Arm','Naxxramas',0),(23226,'Ghoul Skin Tunic','Naxxramas',0),(23237,'Ring of the Eternal Flame','Naxxramas',0),(23238,'Stygian Buckler','Naxxramas',0),(23242,'Claw of the Frost Wyrm','Naxxramas',0),(23557,'Larvae of the Great Worm','AQ40',0),(23558,'The Burrower\'s Shell','AQ40',0),(23570,'Jom Gabbar','AQ40',0),(23577,'The Hungering Cold','Naxxramas',0),(23663,'Girdle of Elemental Fury','Naxxramas',0),(23664,'Pauldrons of Elemental Fury','Naxxramas',0),(23665,'Leggings of Elemental Fury','Naxxramas',0),(23666,'Belt of the Grand Crusader','Naxxramas',0),(23667,'Spaulders of the Grand Crusader','Naxxramas',0),(23668,'Leggings of the Grand Crusader','Naxxramas',0);
/*!40000 ALTER TABLE `item` ENABLE KEYS */;
UNLOCK TABLES;

--
-- Table structure for table `item_dist`
--

DROP TABLE IF EXISTS `item_dist`;
/*!40101 SET @saved_cs_client     = @@character_set_client */;
 SET character_set_client = utf8mb4 ;
CREATE TABLE `item_dist` (
  `item_id` int(11) NOT NULL,
  `p_name` varchar(255) NOT NULL,
  `date_recieved` date NOT NULL,
  PRIMARY KEY (`item_id`,`p_name`,`date_recieved`),
  KEY `fk_p_name` (`p_name`),
  CONSTRAINT `fk_item_id` FOREIGN KEY (`item_id`) REFERENCES `item` (`item_id`),
  CONSTRAINT `fk_p_name` FOREIGN KEY (`p_name`) REFERENCES `player` (`p_name`)
) ENGINE=InnoDB DEFAULT CHARSET=utf8mb4 COLLATE=utf8mb4_0900_ai_ci;
/*!40101 SET character_set_client = @saved_cs_client */;

--
-- Dumping data for table `item_dist`
--

LOCK TABLES `item_dist` WRITE;
/*!40000 ALTER TABLE `item_dist` DISABLE KEYS */;
INSERT INTO `item_dist` VALUES (16853,'Adrono','2019-04-07'),(16854,'Adrono','2019-03-10'),(16856,'Adrono','2019-05-07'),(16857,'Adrono','2019-03-21'),(16860,'Adrono','2019-03-21'),(16954,'Adrono','2019-03-10'),(16957,'Adrono','2019-05-02'),(17106,'Adrono','2019-04-18'),(18875,'Adrono','2019-04-11'),(19145,'Adrono','2019-05-16'),(19372,'Adrono','2019-05-02'),(19802,'Adrono','2019-05-05'),(19863,'Adrono','2019-04-12'),(19892,'Adrono','2019-03-09'),(19946,'Adrono','2019-04-12'),(20032,'Adrono','2019-03-16'),(20266,'Adrono','2019-03-09'),(21220,'Adrono','2019-03-09'),(21456,'Adrono','2019-03-09'),(21466,'Adrono','2019-04-13'),(21488,'Adrono','2019-03-09'),(21492,'Adrono','2019-04-13'),(21810,'Adrono','2019-03-09'),(21889,'Adrono','2019-03-27'),(16856,'Buffington','2019-01-02'),(16858,'Buffington','2019-02-05'),(16859,'Buffington','2018-12-31'),(16860,'Buffington','2019-02-13'),(16952,'Buffington','2019-03-13'),(16954,'Buffington','2018-11-19'),(16956,'Buffington','2019-02-04'),(16957,'Buffington','2019-03-28'),(16958,'Buffington','2019-03-11'),(17105,'Buffington','2019-02-07'),(18803,'Buffington','2018-11-19'),(18810,'Buffington','2019-05-16'),(18875,'Buffington','2019-02-21'),(19145,'Buffington','2019-03-31'),(19343,'Buffington','2019-03-31'),(19348,'Buffington','2019-01-28'),(19382,'Buffington','2019-04-22'),(19395,'Buffington','2019-01-13'),(19397,'Buffington','2019-01-28'),(20264,'Buffington','2019-03-02'),(20265,'Buffington','2019-01-08'),(21220,'Buffington','2019-02-05'),(21458,'Buffington','2019-02-22'),(21466,'Buffington','2019-03-17'),(21472,'Buffington','2019-02-22'),(21483,'Buffington','2019-02-05'),(21499,'Buffington','2019-02-24'),(21663,'Buffington','2019-04-03'),(16853,'CCatalystp','2019-03-10'),(16854,'CCatalystp','2019-03-14'),(16855,'CCatalystp','2019-03-10'),(16856,'CCatalystp','2019-04-04'),(16857,'CCatalystp','2019-02-01'),(16858,'CCatalystp','2019-03-21'),(16859,'CCatalystp','2019-01-31'),(16860,'CCatalystp','2019-04-04'),(16952,'CCatalystp','2019-01-30'),(16954,'CCatalystp','2019-01-31'),(16956,'CCatalystp','2019-02-02'),(16957,'CCatalystp','2019-03-28'),(17064,'CCatalystp','2019-02-28'),(18803,'CCatalystp','2019-01-24'),(18861,'CCatalystp','2019-02-13'),(18875,'CCatalystp','2019-04-18'),(19145,'CCatalystp','2019-03-21'),(19343,'CCatalystp','2019-05-15'),(19373,'CCatalystp','2019-03-20'),(19802,'CCatalystp','2019-02-01'),(19863,'CCatalystp','2019-02-01'),(19890,'CCatalystp','2019-02-26'),(19920,'CCatalystp','2019-03-23'),(19946,'CCatalystp','2019-04-16'),(20265,'CCatalystp','2019-02-03'),(21220,'CCatalystp','2019-02-04'),(21462,'CCatalystp','2019-02-04'),(21472,'CCatalystp','2019-02-19'),(21620,'CCatalystp','2019-04-10'),(21810,'CCatalystp','2019-02-04'),(16853,'Gwenwynn','2018-12-14'),(16854,'Gwenwynn','2019-04-04'),(16858,'Gwenwynn','2019-04-18'),(16859,'Gwenwynn','2019-03-10'),(16954,'Gwenwynn','2019-03-21'),(17106,'Gwenwynn','2019-01-02'),(19140,'Gwenwynn','2019-03-10'),(19145,'Gwenwynn','2019-02-07'),(19373,'Gwenwynn','2019-04-29'),(19390,'Gwenwynn','2019-05-02'),(19391,'Gwenwynn','2019-03-28'),(19392,'Gwenwynn','2019-05-15'),(19890,'Gwenwynn','2018-12-14'),(20262,'Gwenwynn','2018-12-24'),(20264,'Gwenwynn','2018-12-26'),(20266,'Gwenwynn','2018-12-28'),(21220,'Gwenwynn','2019-02-09'),(21472,'Gwenwynn','2019-02-12'),(21496,'Gwenwynn','2019-02-22'),(21604,'Gwenwynn','2019-04-24'),(21666,'Gwenwynn','2019-04-03'),(21704,'Gwenwynn','2019-03-18'),(22402,'Gwenwynn','2019-05-01'),(16853,'Kittymeow','2018-11-30'),(16855,'Kittymeow','2018-10-19'),(16859,'Kittymeow','2018-11-19'),(16952,'Kittymeow','2019-02-13'),(16953,'Kittymeow','2019-02-27'),(16954,'Kittymeow','2019-01-22'),(16955,'Kittymeow','2019-03-10'),(16956,'Kittymeow','2019-01-22'),(16957,'Kittymeow','2019-01-10'),(16958,'Kittymeow','2019-04-22'),(18205,'Kittymeow','2019-04-11'),(19140,'Kittymeow','2019-01-02'),(19145,'Kittymeow','2018-11-28'),(19343,'Kittymeow','2019-02-07'),(19348,'Kittymeow','2019-03-13'),(19353,'Kittymeow','2019-03-20'),(19395,'Kittymeow','2018-11-12'),(19885,'Kittymeow','2018-12-20'),(19890,'Kittymeow','2019-01-13'),(20264,'Kittymeow','2019-02-12'),(21667,'Kittymeow','2019-03-25'),(21704,'Kittymeow','2019-03-18'),(21856,'Kittymeow','2019-04-17'),(16854,'Lucidmemes','2019-01-31'),(16856,'Lucidmemes','2019-02-13'),(16951,'Lucidmemes','2019-03-13'),(16952,'Lucidmemes','2019-04-08'),(16954,'Lucidmemes','2019-02-07'),(16955,'Lucidmemes','2019-02-12'),(16957,'Lucidmemes','2019-04-22'),(16958,'Lucidmemes','2019-04-29'),(17074,'Lucidmemes','2019-04-04'),(17103,'Lucidmemes','2019-03-14'),(17106,'Lucidmemes','2019-02-21'),(17204,'Lucidmemes','2019-04-04'),(18810,'Lucidmemes','2019-02-28'),(18815,'Lucidmemes','2019-04-11'),(19145,'Lucidmemes','2019-02-13'),(19343,'Lucidmemes','2019-04-08'),(19354,'Lucidmemes','2019-04-22'),(19357,'Lucidmemes','2019-04-29'),(19372,'lucidmemes','2019-05-13'),(19373,'Lucidmemes','2019-04-15'),(19385,'Lucidmemes','2019-03-13'),(19390,'Lucidmemes','2019-02-20'),(19395,'Lucidmemes','2019-04-15'),(19432,'Lucidmemes','2019-04-08'),(19439,'Lucidmemes','2019-02-20'),(19802,'Lucidmemes','2019-01-30'),(19863,'Lucidmemes','2019-01-29'),(19907,'Lucidmemes','2019-04-05'),(19913,'Lucidmemes','2019-01-18'),(19920,'Lucidmemes','2019-02-09'),(20032,'Lucidmemes','2019-01-13'),(20260,'Lucidmemes','2019-01-18'),(20262,'Lucidmemes','2019-01-13'),(20264,'Lucidmemes','2019-01-18'),(20265,'Lucidmemes','2019-01-30'),(21220,'Lucidmemes','2019-02-19'),(21599,'Lucidmemes','2019-04-17'),(16853,'Myrie','2019-04-25'),(16854,'myrie','2019-05-06'),(16855,'myrie','2019-05-06'),(16860,'Myrie','2019-04-18'),(16953,'Myrie','2019-05-02'),(16957,'Myrie','2019-04-29'),(17076,'Myrie','2019-04-18'),(17106,'Myrie','2019-04-25'),(18810,'myrie','2019-05-13'),(18824,'Myrie','2019-04-18'),(19397,'Myrie','2019-04-29'),(21453,'Myrie','2019-04-13'),(21458,'Myrie','2019-04-19'),(21475,'Myrie','2019-04-13'),(16855,'Taum','2019-04-01'),(16859,'Taum','2019-04-25'),(16860,'Taum','2019-04-11'),(16955,'Taum','2019-04-25'),(16957,'taum','2019-05-09'),(18822,'Taum','2019-04-07'),(18824,'Taum','2019-04-01'),(19863,'Taum','2019-04-19'),(19877,'Taum','2019-04-19'),(19928,'Taum','2019-04-19'),(21458,'Taum','2019-04-02'),(21469,'Taum','2019-04-02'),(21481,'Taum','2019-04-02'),(16853,'Tealk','2019-04-04'),(16855,'Tealk','2019-01-24'),(16952,'Tealk','2019-03-28'),(16953,'Tealk','2019-04-22'),(16954,'Tealk','2018-12-26'),(16955,'Tealk','2019-02-21'),(16956,'Tealk','2019-04-22'),(16957,'Tealk','2019-03-13'),(16958,'Tealk','2019-04-08'),(17104,'Tealk','2019-04-18'),(17106,'Tealk','2019-01-14'),(18817,'Tealk','2019-04-04'),(18875,'Tealk','2019-02-13'),(19145,'Tealk','2018-12-23'),(19343,'Tealk','2019-01-17'),(19358,'Tealk','2019-03-13'),(19395,'Tealk','2019-03-13'),(19802,'Tealk','2019-01-11'),(19863,'Tealk','2019-01-09'),(19890,'Tealk','2019-01-18'),(19892,'Tealk','2018-12-23'),(19920,'Tealk','2018-12-23'),(19928,'Tealk','2019-01-18'),(20264,'Tealk','2019-03-12'),(21220,'Tealk','2019-02-15'),(21620,'tealk','2019-05-08'),(21704,'Tealk','2019-03-11'),(16829,'Tedril','2019-03-31'),(16835,'Tedril','2019-02-13'),(16836,'Tedril','2019-01-31'),(16897,'Tedril','2019-02-18'),(16898,'Tedril','2019-03-20'),(16899,'Tedril','2019-03-20'),(16900,'Tedril','2019-02-28'),(16901,'Tedril','2019-04-11'),(16902,'Tedril','2019-02-20'),(16904,'Tedril','2019-05-02'),(17105,'Tedril','2019-02-28'),(17110,'Tedril','2019-03-14'),(18810,'Tedril','2019-02-07'),(18813,'Tedril','2019-04-25'),(18878,'Tedril','2019-03-31'),(19140,'Tedril','2019-04-25'),(19340,'Tedril','2019-02-13'),(19358,'Tedril','2019-02-18'),(19389,'Tedril','2019-02-27'),(19396,'Tedril','2019-02-20'),(19397,'Tedril','2019-03-20'),(19405,'Tedril','2019-03-20'),(19802,'Tedril','2019-03-24'),(19863,'Tedril','2019-03-24'),(19877,'Tedril','2019-02-14'),(19885,'Tedril','2019-03-26'),(19889,'Tedril','2019-04-05'),(19890,'Tedril','2019-05-08'),(19892,'Tedril','2019-02-05'),(21220,'Tedril','2019-02-22'),(21462,'Tedril','2019-02-14'),(21605,'Tedril','2019-04-17'),(21645,'Tedril','2019-04-17'),(21669,'Tedril','2019-03-04'),(21810,'Tedril','2019-03-19');
/*!40000 ALTER TABLE `item_dist` ENABLE KEYS */;
UNLOCK TABLES;

--
-- Table structure for table `item_res`
--

DROP TABLE IF EXISTS `item_res`;
/*!40101 SET @saved_cs_client     = @@character_set_client */;
 SET character_set_client = utf8mb4 ;
CREATE TABLE `item_res` (
  `res_id` int(11) NOT NULL,
  `item_id` int(11) NOT NULL,
  `res_qty` int(11) NOT NULL,
  PRIMARY KEY (`res_id`,`item_id`),
  KEY `fkr_item_id` (`item_id`),
  CONSTRAINT `fk_res_id` FOREIGN KEY (`res_id`) REFERENCES `resistance` (`res_id`),
  CONSTRAINT `fkr_item_id` FOREIGN KEY (`item_id`) REFERENCES `item` (`item_id`)
) ENGINE=InnoDB DEFAULT CHARSET=utf8mb4 COLLATE=utf8mb4_0900_ai_ci;
/*!40101 SET character_set_client = @saved_cs_client */;

--
-- Dumping data for table `item_res`
--

LOCK TABLES `item_res` WRITE;
/*!40000 ALTER TABLE `item_res` DISABLE KEYS */;
/*!40000 ALTER TABLE `item_res` ENABLE KEYS */;
UNLOCK TABLES;

--
-- Table structure for table `item_spec`
--

DROP TABLE IF EXISTS `item_spec`;
/*!40101 SET @saved_cs_client     = @@character_set_client */;
 SET character_set_client = utf8mb4 ;
CREATE TABLE `item_spec` (
  `spec_id` int(11) NOT NULL,
  `item_id` int(11) NOT NULL,
  `is_bis` varchar(255) NOT NULL,
  `patch` int(11) NOT NULL,
  PRIMARY KEY (`spec_id`,`item_id`),
  KEY `fki_item_id` (`item_id`),
  CONSTRAINT `fki_item_id` FOREIGN KEY (`item_id`) REFERENCES `item` (`item_id`),
  CONSTRAINT `fki_spec_id` FOREIGN KEY (`spec_id`) REFERENCES `spec` (`spec_id`)
) ENGINE=InnoDB DEFAULT CHARSET=utf8mb4 COLLATE=utf8mb4_0900_ai_ci;
/*!40101 SET character_set_client = @saved_cs_client */;

--
-- Dumping data for table `item_spec`
--

LOCK TABLES `item_spec` WRITE;
/*!40000 ALTER TABLE `item_spec` DISABLE KEYS */;
/*!40000 ALTER TABLE `item_spec` ENABLE KEYS */;
UNLOCK TABLES;

--
-- Table structure for table `player`
--

DROP TABLE IF EXISTS `player`;
/*!40101 SET @saved_cs_client     = @@character_set_client */;
 SET character_set_client = utf8mb4 ;
CREATE TABLE `player` (
  `p_name` varchar(255) NOT NULL,
  `spec_id` int(11) NOT NULL,
  PRIMARY KEY (`p_name`),
  KEY `fk_spec_id` (`spec_id`),
  CONSTRAINT `fk_spec_id` FOREIGN KEY (`spec_id`) REFERENCES `spec` (`spec_id`)
) ENGINE=InnoDB DEFAULT CHARSET=utf8mb4 COLLATE=utf8mb4_0900_ai_ci;
/*!40101 SET character_set_client = @saved_cs_client */;

--
-- Dumping data for table `player`
--

LOCK TABLES `player` WRITE;
/*!40000 ALTER TABLE `player` DISABLE KEYS */;
INSERT INTO `player` VALUES ('Tedril',1),('Fletching',3),('Kelevra',3),('Lazerpewpew',3),('Darkpheonixx',4),('Adrono',7),('Buffington',7),('CCatalystp',7),('Gwenwynn',7),('Kittymeow',7),('Lucidmemes',7),('Myrie',7),('Taum',7),('Tealk',8),('Harrytwotter',10),('Thumps',11),('Variety',12),('Agonyze',16),('Mopar',16),('Zorex',16);
/*!40000 ALTER TABLE `player` ENABLE KEYS */;
UNLOCK TABLES;

--
-- Table structure for table `resistance`
--

DROP TABLE IF EXISTS `resistance`;
/*!40101 SET @saved_cs_client     = @@character_set_client */;
 SET character_set_client = utf8mb4 ;
CREATE TABLE `resistance` (
  `res_id` int(11) NOT NULL AUTO_INCREMENT,
  `res_type` varchar(255) DEFAULT NULL,
  PRIMARY KEY (`res_id`)
) ENGINE=InnoDB AUTO_INCREMENT=6 DEFAULT CHARSET=utf8mb4 COLLATE=utf8mb4_0900_ai_ci;
/*!40101 SET character_set_client = @saved_cs_client */;

--
-- Dumping data for table `resistance`
--

LOCK TABLES `resistance` WRITE;
/*!40000 ALTER TABLE `resistance` DISABLE KEYS */;
INSERT INTO `resistance` VALUES (1,'Fire'),(2,'Nature'),(3,'Shadow'),(4,'Frost'),(5,'Arcane');
/*!40000 ALTER TABLE `resistance` ENABLE KEYS */;
UNLOCK TABLES;

--
-- Table structure for table `spec`
--

DROP TABLE IF EXISTS `spec`;
/*!40101 SET @saved_cs_client     = @@character_set_client */;
 SET character_set_client = utf8mb4 ;
CREATE TABLE `spec` (
  `spec_id` int(11) NOT NULL AUTO_INCREMENT,
  `spec_name` varchar(255) NOT NULL,
  `class` varchar(255) NOT NULL,
  PRIMARY KEY (`spec_id`)
) ENGINE=InnoDB AUTO_INCREMENT=23 DEFAULT CHARSET=utf8mb4 COLLATE=utf8mb4_0900_ai_ci;
/*!40101 SET character_set_client = @saved_cs_client */;

--
-- Dumping data for table `spec`
--

LOCK TABLES `spec` WRITE;
/*!40000 ALTER TABLE `spec` DISABLE KEYS */;
INSERT INTO `spec` VALUES (1,'Resto','Druid'),(2,'Feral','Druid'),(3,'Marksmen','Hunter'),(4,'Nightfall','Hunter'),(5,'WintersChill','Mage'),(6,'APFrost','Mage'),(7,'Holy','Paladin'),(8,'BlessSanc','Paladin'),(9,'Holy','Priest'),(10,'PI','Priest'),(11,'Shadow','Priest'),(12,'CombatSword','Rogue'),(13,'CombatDagger','Rogue'),(14,'SealFateSword','Rogue'),(15,'SealFateDagger','Rogue'),(16,'DS/Ruin','Warlock'),(17,'SM/Ruin','Warlock'),(18,'DeepProt','Warrior'),(19,'ImpaleProt','Warrior'),(20,'FuryProt','Warrior'),(21,'FuryDual','Warrior'),(22,'Fury2H','Warrior');
/*!40000 ALTER TABLE `spec` ENABLE KEYS */;
UNLOCK TABLES;
/*!40103 SET TIME_ZONE=@OLD_TIME_ZONE */;

/*!40101 SET SQL_MODE=@OLD_SQL_MODE */;
/*!40014 SET FOREIGN_KEY_CHECKS=@OLD_FOREIGN_KEY_CHECKS */;
/*!40014 SET UNIQUE_CHECKS=@OLD_UNIQUE_CHECKS */;
/*!40101 SET CHARACTER_SET_CLIENT=@OLD_CHARACTER_SET_CLIENT */;
/*!40101 SET CHARACTER_SET_RESULTS=@OLD_CHARACTER_SET_RESULTS */;
/*!40101 SET COLLATION_CONNECTION=@OLD_COLLATION_CONNECTION */;
/*!40111 SET SQL_NOTES=@OLD_SQL_NOTES */;

-- Dump completed on 2019-05-17 22:14:23
